Month,Year,Consumer Confidence Index TX,Consumer Confidence West South Central,Consumer Confidence Index US,PCE Deflator,Consumer Price Index TX,Consumer Price Index U.S.,CPI U.S. Ex Food and Energy,Nonfarm Employment TX,Nonfarm Employment U.S.,Unemployment TX,Unemployment U.S.,Single Family Building Permits TX,Multi Family Building Permits TX,Existing Single Family Home Sales TX,Existing Single Family Home Price TX,Non Residential Building Construction,Total Sales Tax Collections Retail TX,Total Sales Tax Collections TX,Retail Gasoline Price TX,Retail Diesel Price TX,Nonfarm Employment Illinois,Nonfarm Employment Florida,Nonfarm Employment New York,Nonfarm Employment Texas,Nonfarm Employment California,Gross Value Crude Oil Production,Gross Value Natural Gas Production,Motor Fuel Taxed Gasoline,Motor Fuel Taxed Diesel
1,2005,,,,,,,,,,,,,,,,,,,1.773,1.906,5829.6,7650.2,8490.6,9642.4,14881.8,,,,
2,2005,,,,,,,,,,,,,,,,,,,1.841,1.958,5836.2,7670.7,8487.9,9653.2,14908.3,,,,
3,2005,,,,,,,,,,,,,,,,,,,2.008,2.148,5833.8,7668.7,8483.6,9670.8,14929.3,,,,
4,2005,,,,,,,,,,,,,,,,,,,2.169,2.226,5857.5,7716.4,8518.6,9715.1,14979.4,,,,
5,2005,,,,,,,,,,,,,,,,,,,2.088,2.15,5855.4,7753,8509.9,9727.1,14985.4,,,,
6,2005,,,,,,,,,,,,,,,,,,,2.101,2.256,5841,7761.6,8515.9,9734,15000.9,,,,
7,2005,,,,,,,,,,,,,,,,,,,2.227,2.314,5874.9,7813,8533.1,9796.7,15066.5,,,,
8,2005,,,,,,,,,,,,,,,,,,,2.446,2.421,5879.7,7839.5,8544,9812.5,15097.6,,,,
9,2005,,,,,,,,,,,,,,,,,,,2.843,2.766,5884.4,7874.1,8552,9841.1,15136.4,,,,
10,2005,,,,,,,,,,,,,,,,,,,2.72,3.107,5880,7873.4,8526.8,9853.4,15148,,,,
11,2005,,,,,,,,,,,,,,,,,,,2.205,2.553,5887.8,7880.5,8544.4,9903.2,15189.3,,,,
12,2005,,,,,,,,,,,,,,,,,,,2.161,2.424,5889.2,7903.5,8560.6,9925.6,15214.7,,,,
1,2006,,,,,,,,,,,,,,,,,,,2.289,2.434,5901.5,7913.2,8561,9963.1,15214.6,,,,
2,2006,,,,,,,,,,,,,,,,,,,2.215,2.445,5914.7,7924.9,8562.4,9982.1,15248.9,,,,
3,2006,,,,,,,,,,,,,,,,,,,2.393,2.519,5921.3,7952.1,8579.5,10017.9,15259,,,,
4,2006,,,,,,,,,,,,,,,,,,,2.774,2.681,5921.1,7958.9,8588.3,10031.9,15270.6,,,,
5,2006,,,,,,,,,,,,,,,,,,,2.86,2.815,5920.7,7977.2,8592,10058.2,15311.7,,,,
6,2006,,,,,,,,,,,,,,,,,,,2.825,2.834,5938.3,7993.7,8601,10087.1,15342.9,,,,
7,2006,,,,,,,,,,,,,,,,,,,2.906,2.88,5935.8,7997.4,8600,10092.2,15345.3,,,,
8,2006,,,,,,,,,,,,,,,,,,,2.868,2.952,5944.5,8017.5,8603.9,10137.6,15374,,,,
9,2006,,,,,,,,,,,,,,,,,722.09,1513.37,2.443,2.701,5945.9,8023,8616.4,10172.8,15385.5,,,,
10,2006,,,,,,,,,,,,,,,,,764.03,1597.47,2.149,2.467,5937.9,8017.3,8626.3,10184.7,15379.8,,,,
11,2006,,,,,,,,,,,,,,,,,851.52,1739.42,2.137,2.47,5941.5,8021.2,8644.3,10214,15383,,,,
12,2006,,,,,,,,,,,,,,,,,909.4,1687.59,2.231,2.528,5951.2,8031.8,8666.6,10248.9,15392.9,,,,
1,2007,,127.6,110.2,95.689,184.549,202.416,208.009,10.268,137.477,4.5,4.6,9413,4008,17379,136964,1305.04,874.02,1743.6,2.143,2.412,5966.3,8044,8686.2,10266.6,15408.6,1433.71,3731.72,982.7,307.1
2,2007,,130,111.2,96.005,185.37,203.499,209.112,10.306,137.558,4.4,4.5,10308,5413,20448,139508,1799.86,786.32,1632.24,2.16,2.417,5956.6,8045.3,8686,10304,15434.1,1455.88,3097.03,942.0,305.6
3,2007,,129.8,108.2,96.34,186.417,205.352,209.923,10.345,137.793,4.4,4.4,12441,3974,26279,143323,1634.04,779.72,1569.57,2.434,2.629,5976.5,8054.7,8696.6,10345.6,15469,1668.14,3367.99,898.2,311.0
4,2007,,127.8,106.3,96.527,187.804,206.686,210.311,10.37,137.842,4.3,4.5,11084,2438,25294,144986,1819.68,840.92,1720.74,2.761,2.801,5974.7,8038.1,8686.8,10372.5,15425.2,1703.75,3875.43,987.9,376.7
5,2007,,132.9,108.5,96.798,188.557,207.949,210.316,10.396,137.993,4.3,4.4,11531,4926,29497,147725,1451.1,860.59,1793.19,3.016,2.745,5982.9,8031.4,8705.9,10397.7,15444,1712.18,3782.04,1003.1,253.6
6,2007,,125.1,105.3,96.997,189.031,208.352,210.474,10.433,138.069,4.3,4.6,10260,6117,29714,153398,2297.61,794.8,1629.43,2.973,2.756,5986,8025,8721.1,10433.2,15462.1,1730.19,4222.67,1022.8,333.5
7,2007,,131.5,111.9,97.141,189.21,208.299,210.756,10.452,138.038,4.3,4.7,9987,5841,28516,150659,1368.78,804.44,1678.01,2.897,2.799,5983.6,7996.4,8722.8,10453.6,15506,2036.21,4194.30,998.2,332.9
8,2007,,118.9,105.6,97.225,189.154,207.917,211.111,10.469,138.015,4.3,4.6,9642,5476,28874,151148,1813.71,891.82,1848.54,2.739,2.803,5978.9,7984.5,8721.3,10469.2,15485.7,2007.83,3953.61,994.1,327.0
9,2007,,121,99.5,97.601,189.589,208.49,211.628,10.49,138.095,4.4,4.7,7575,3534,20488,145475,1582.8,786.17,1634.21,2.72,2.894,5977.3,7967,8722.1,10492.6,15485.4,2119.77,3609.24,1041.9,367.9
10,2007,,127.7,95.2,97.883,190.289,208.936,212.318,10.522,138.174,4.4,4.7,7960,4496,21132,142247,1900.6,792.85,1648.6,2.726,2.984,5976.4,7947,8748.9,10520.4,15467,2427.43,3396.69,958.8,322.3
11,2007,,122.56,87.8,98.373,191.025,210.177,212.435,10.545,138.284,4.4,4.7,6516,5064,19847,143518,1307.3,945.93,1905.15,2.986,3.313,5981.2,7940.4,8760,10542.7,15475,2566.51,4035.04,1025.7,371.5
12,2007,,119.5,90.6,98.638,191.509,210.036,212.356,10.567,138.392,4.4,5,5661,5416,19310,146159,1223.73,971.66,1814.63,2.925,3.279,5981.9,7931.1,8768.3,10565,15481.4,2480.04,4322.36,965.8,342.4
1,2008,,125.3,87.3,98.894,192.125,211.08,213.138,10.599,138.403,4.3,5,6376,6744,15023,137649,8977.85,892.11,1854.64,2.969,3.256,5991,7901,8790.8,10598.2,15430.5,2640.10,4567.82,985.8,313.7
2,2008,,106.28,76.4,99.11,192.618,211.693,213.866,10.631,138.324,4.3,4.9,7154,3279,18552,141366,1891.66,855.46,1821.49,2.967,3.341,5985.4,7893.9,8791.9,10629.6,15442.1,2534.70,4649.66,954.2,343.2
3,2008,,97.48,65.9,99.416,193.904,213.528,214.866,10.619,138.275,4.3,5.1,7569,5264,21359,145572,1905.7,812.18,1637.13,3.195,3.831,5977.9,7862.9,8790.7,10619.5,15425.4,2952.04,4784.87,940.6,324.1
4,2008,,91.28,62.8,99.654,194.298,214.823,215.059,10.642,138.035,4.4,5,8489,4453,22593,145572,1671.04,800.75,1670.43,3.415,4.021,5977.4,7810.1,8805.5,10643.5,15433.2,3148.31,5734.89,1010.4,281.1
5,2008,,82.64,58.1,100.091,196.371,216.632,215.18,10.652,137.858,4.5,5.4,7577,3978,24980,149290,1890.82,894.38,1872.21,3.712,4.367,5972.9,7776.6,8803.4,10653.5,15397.2,3570.03,5901.94,975.8,343.1
6,2008,,82.76,51,100.786,198.982,218.815,215.553,10.661,137.687,4.7,5.6,7619,3070,25324,153300,2391.87,853.66,1785.92,3.961,4.637,5966.6,7743.5,8801.9,10660,15375.4,3707.99,7042.02,1018.3,331.5
7,2008,,80.04,51.9,101.218,200.498,219.964,216.045,10.673,137.491,4.8,5.8,7347,4712,24599,151540,1856.22,828.6,1842.26,3.978,4.676,5961.4,7705.1,8811.9,10674.6,15347.2,3878.40,7402.11,954.0,321.3
8,2008,,92.78,58.5,101.135,199.156,219.086,216.476,10.678,137.213,5,6.1,6315,5585,23411,150170,2205.32,907.93,2017.88,3.681,4.251,5951.9,7671.2,8801,10678.9,15292,3364.07,5956.22,982.3,342.5
9,2008,,93.02,61.4,101.236,199.17,218.783,216.862,10.649,136.753,5.2,6.1,4859,4551,18552,143714,2330.72,778,1674.98,3.647,3.989,5932.3,7637.6,8779.4,10650.8,15264,2809.50,4551.51,1054.7,248.6
10,2008,,76.98,38.8,100.684,197.472,216.573,217.023,10.66,136.272,5.4,6.5,5038,3077,17476,141171,1626.93,747.36,1738.57,2.905,3.537,5910.7,7580,8752,10659.6,15164,2226.67,4181.09,852.3,377.9
11,2008,,64.96,44.7,99.545,193.765,212.425,216.69,10.65,135.545,5.6,6.8,3283,1579,13215,136182,2097.34,949.9,1959.87,2.023,2.818,5881.2,7533.1,8725.9,10648.3,15064.7,1609.41,3359.55,1018.0,343.5
12,2008,,65.9,38.6,99.007,191.956,210.228,216.1,10.621,134.839,5.9,7.3,3220,2351,16582,139508,1800.27,985.83,1910.18,1.637,2.394,5847.1,7489.5,8696.5,10619.1,14985,1107.32,3615.25,963.2,283.5
1,2009,,64.4,37.4,99.068,192.681,211.143,216.719,10.563,134.055,6.1,7.8,3769,2784,11121,130899,1435.46,867.81,1896.14,1.697,2.225,5799.2,7415.1,8653,10563.8,14851.9,1081.41,3339.76,1023.2,294.7
2,2009,,50.7,25.3,99.284,193.791,212.193,217.685,10.5,133.312,6.3,8.3,4207,1883,13847,137160,1414.99,854.73,1651.66,1.845,2.138,5764.2,7363,8630.7,10500.6,14726,898.88,2273.82,965.3,291.5
3,2009,,46.4,26.9,99.193,194.234,212.709,218.639,10.439,132.512,6.4,8.7,5189,1573,17345,138529,996.985,777.92,1719.42,1.894,2.057,5722.4,7312.8,8592.9,10438.7,14633,1269.21,2265.11,916.6,281.8
4,2009,,71,40.8,99.34,195.12,213.24,219.143,10.374,131.817,6.5,9,5378,2095,17733,141757,1432.74,788.25,1650.39,2.011,2.192,5675.4,7271.3,8520.6,10374.3,14537.3,1357.13,2138.89,1019.0,305.7
5,2009,,73.5,54.8,99.474,194.78,213.856,219.128,10.35,131.475,7.5,9.4,5498,1253,19790,148018,1948.42,889.73,1786.24,2.205,2.201,5663,7250.3,8533.6,10351,14493.7,1620.74,2157.24,989.9,289.8
6,2009,,75.1,49.3,100.067,196.674,215.693,219.283,10.322,131.008,8,9.5,6680,1399,22693,153692,1703.78,811.24,1561.27,2.535,2.498,5641,7224.8,8519.4,10321.3,14432,1877.98,2272.97,1026.2,291.9
7,2009,,71,47.4,100.02,196.342,215.351,219.35,10.289,130.668,8.2,9.5,6930,541,23335,151931,1811.02,757.89,1640.39,2.422,2.494,5620.4,7199.5,8553.5,10291,14320.8,1773.91,2353.45,1013.6,293.2
8,2009,,75,54.5,100.288,196.4,215.834,219.596,10.267,130.485,8.3,9.6,6057,1314,20634,148703,1262.55,885.02,1765.01,2.545,2.588,5607.7,7175.8,8540.2,10267.4,14279.7,1966.85,2259.07,1025.9,297.6
9,2009,,82.5,53.4,100.454,196.804,215.969,220.137,10.258,130.244,8.3,9.8,5549,1603,19374,146355,1601.85,731.71,1463.12,2.416,2.549,5600.1,7157,8493,10259,14230.5,1873.04,1875.41,1021.0,292.0
10,2009,,72.9,48.7,100.764,196.802,216.177,220.731,10.253,130.045,8.3,10,4926,200,20272,141660,1794.31,717.98,1517.21,2.446,2.608,5590.4,7145.6,8477.1,10253.2,14265.8,2129.31,2462.08,961.1,281.8
11,2009,,64.9,50.6,100.997,196.851,216.33,220.384,10.254,130.057,8.3,9.9,4473,1090,18710,141268,1111.54,890.19,1532.88,2.561,2.738,5591.6,7147.9,8480.8,10253.3,14252.2,2148.25,2690.11,991.0,288.4
12,2009,,72.1,53.6,101.052,196.267,215.949,220.025,10.249,129.788,8.3,9.9,5057,989,16914,143225,1078.58,920.22,1823.94,2.517,2.699,5580.6,7132.2,8480,10249.6,14233.7,2079.93,3067.10,963.3,267.4
1,2010,,72.3,56.5,101.234,196.846,216.687,220.086,10.278,129.79,8.3,9.8,4893,1115,10797,135888,1387.42,816.98,1646.75,2.622,2.807,5581.6,7129.3,8487.1,10278.3,14203,2202.61,3715.74,992.8,287.6
2,2010,,74.1,46.4,101.248,197.284,216.741,220.602,10.279,129.698,8.3,9.8,5782,411,13781,139997,798.477,804.19,1613.05,2.549,2.746,5586.3,7131.9,8490,10278.8,14187.2,1979.19,3177.12,945.5,289.6
3,2010,,74.9,52.3,101.363,197.592,217.631,221.059,10.31,129.879,8.3,9.9,7837,1596,20465,142833,1035.91,757.34,1450.02,2.693,2.878,5585.9,7137.5,8507.6,10309.8,14189.9,2403.72,3138.79,913.6,273.8
4,2010,,70.7,57.7,101.349,198.185,218.009,221.166,10.332,130.11,8.2,9.9,6557,1659,22893,145475,1406.92,823.04,1690.56,2.788,3.018,5598,7157.7,8538.3,10331.4,14286.3,2440.12,2643.92,1032.9,327.8
5,2010,,76.48,62.66,101.392,198.148,218.178,221.193,10.391,130.65,8.2,9.6,5726,1533,23812,146844,1425.06,905.42,1782.16,2.796,3.025,5618.8,7201.5,8577.9,10391.8,14331.2,2181.01,2852.79,1002.8,315.8
6,2010,,66.4,54.3,101.447,198.322,217.965,221.265,10.393,130.511,8.1,9.4,5977,1826,22864,150953,1374.08,802.14,1591.24,2.657,2.894,5609.8,7188.9,8565,10392.4,14316.9,2084.43,2732.36,1060.4,313.5
7,2010,,66,51,101.569,197.501,218.011,221.258,10.38,130.427,8.1,9.4,5007,2130,17336,153007,1020.71,816.02,1694.51,2.628,2.864,5588.7,7191.1,8557.8,10380,14287.9,2236.90,3027.87,1028.3,319.0
8,2010,,68.6,53.2,101.713,197.834,218.312,221.551,10.395,130.422,8.1,9.5,5217,1956,17831,151735,1103.53,847.7,1757.82,2.636,2.914,5615.9,7191.5,8537.3,10395.7,14284.3,2322.32,3019.76,1034.2,311.4
9,2010,,68,48.6,101.807,198.581,218.439,221.907,10.398,130.357,8.1,9.5,4257,2215,16050,145572,2795.36,769.55,1569.14,2.594,2.884,5617.8,7172.1,8537.8,10397.7,14274.1,2250.62,2543.59,1053.6,310.2
10,2010,,71.8,49.9,102.045,198.614,218.711,222.079,10.447,130.625,8.2,9.4,3728,1025,14990,143518,918.641,765.74,1635.95,2.699,2.967,5635.6,7201.8,8570,10448.4,14332.4,2555.35,2736.33,1001.6,318.5
11,2010,,82.1,57.8,102.211,198.172,218.803,222.077,10.454,130.75,8.2,9.8,4017,2204,14398,145083,600.872,931.78,1851.15,2.726,3.055,5638.9,7196.7,8581.9,10454.1,14334.1,2604.86,2523.01,1031.7,322.2
12,2010,,81.1,63.4,102.455,197.996,219.179,221.795,10.476,130.822,8.2,9.3,4193,1348,16423,149485,2343.29,966.97,1812.54,2.885,3.176,5642.3,7201,8587.4,10477.3,14350,2923.62,3128.90,1044.4,308.8
1,2011,,74.4,64.8,102.685,199.302,220.223,222.177,10.492,130.841,8.2,9.1,4215,928,11385,138000,997.715,862.51,1821.34,2.995,3.339,5645.7,7215.4,8647,10490.6,14359.1,2972.84,3065.63,962.7,314.8
2,2011,,80.8,72,102.966,200.713,221.309,223.011,10.492,131.053,8.2,9,4237,2248,12687,144900,965.892,846.43,1759.25,3.105,3.531,5648.8,7211.8,8649.5,10491.9,14374.8,2493.72,2700.34,965.0,304.3
3,2011,,61.1,63.8,103.356,203.057,223.467,223.69,10.535,131.288,8.1,9,6355,2044,18351,143000,1308.97,808.45,1615.36,3.486,3.838,5657.5,7218,8657.4,10533.3,14371,3473.44,3056.62,884.4,284.7
4,2011,,69.506,66,103.808,204.962,224.906,224.118,10.573,131.602,8.1,9.1,5688,2578,18819,145000,1614.94,868.34,1881.58,3.746,3.991,5673.1,7249,8681.2,10572.1,14399.4,3692.14,3266.78,1039.3,336.7
5,2011,,78.548,61.7,104.144,205.683,225.964,224.534,10.58,131.703,8.2,9,5679,1256,20322,149500,1225.36,947,1964.21,3.839,3.979,5667.6,7242.7,8666.1,10580.2,14403.8,3639.07,3500.83,1006.6,321.3
6,2011,,75.5,57.6,104.179,204.94,225.722,224.891,10.603,131.939,8.3,9.1,5910,3532,22706,152000,1720.03,835.97,1728.04,3.601,3.876,5668.1,7235.1,8674.9,10603,14397.4,3418.22,3364.03,1026.9,322.7
7,2011,,78.9,59.2,104.38,205.045,225.922,225.164,10.633,131.999,8.3,9,5149,3206,20238,151000,976.347,844.69,1852.05,3.597,3.862,5682.5,7259.7,8690,10633.9,14441.9,3617.08,3565.15,1013.5,335.5
8,2011,,71.6,45.2,104.618,205.811,226.545,225.874,10.653,132.125,8.2,9,5976,4362,21976,151000,1716.13,929.85,1972.4,3.586,3.823,5692.1,7265,8691.2,10653,14454.9,3331.56,3478.13,1016.9,306.2
9,2011,,69.3,46.4,104.787,206.004,226.889,226.289,10.675,132.358,8,9,5185,1830,18534,147500,937.64,811.35,1778.6,3.474,3.771,5697.6,7284.1,8717.3,10674.3,14483,3323.95,3239.87,1037.0,341.6
10,2011,,50.4,40.9,104.851,205.111,226.421,226.743,10.667,132.562,7.8,8.8,4744,3477,16377,145000,870.337,815.56,1863.51,3.323,3.725,5696.1,7284.3,8717.1,10668.4,14492.9,3606.69,3265.77,988.5,327.3
11,2011,,91,55.2,104.999,205.256,226.23,226.859,10.687,132.694,7.5,8.6,4426,1668,15511,145000,1408.21,1003.9,2078.48,3.253,3.86,5699.8,7291,8728.7,10687.5,14516.4,4100.19,3047.89,1018.1,334.3
12,2011,,78.108,64.757,105.018,204.622,225.672,226.74,10.712,132.896,7.3,8.5,4397,3733,17119,150000,1018.43,1025.48,2002,3.14,3.764,5702.9,7304.2,8747.7,10713.2,14538.6,4339.62,3034.56,989.5,318.9
1,2012,,89.855,61.511,105.325,205.281,226.665,227.237,10.754,133.25,7.1,8.3,5230,4654,12499,138000,1050.07,888.27,2003.9,3.267,3.757,5719.5,7325.1,8779.4,10752.8,14594.8,4552.64,2757.83,1019.4,321.8
2,2012,,90.2,71.6,105.56,207.208,227.663,227.865,10.782,133.512,7,8.3,5752,3268,15368,145000,898.145,906.76,2000.43,3.526,3.878,5727.5,7334.2,8797.3,10781.3,14619.4,4454.25,2279.25,964.9,322.3
3,2012,,84,69.5,105.804,209.23,229.392,228.735,10.821,133.752,6.7,8.2,6385,4246,19925,152990,1222.47,898.79,1859.25,3.759,4.041,5744.1,7354.2,8814.5,10819.6,14659.1,5020.93,2378.41,956.9,314.3
4,2012,,89.8,68.7,105.943,209.674,230.085,229.303,10.847,133.834,6.8,8.2,6839,3414,20657,155000,1032.16,975.34,2097.91,3.844,4.025,5743,7380,8801.2,10847,14675.4,4906.96,2139.99,1050.9,348.3
5,2012,,90.4,64.4,105.868,209.036,229.815,229.602,10.879,133.934,6.8,8.2,7344,4624,24220,160000,1003.42,947.21,2102.47,3.595,3.885,5742.8,7379.9,8814.1,10878.6,14715.6,4676.43,2028.56,1018.8,328.8
6,2012,104.8,95.6,62.7,105.844,208.372,229.478,229.879,10.91,134.007,6.8,8.2,6821,4244,25336,164000,1450.56,943.37,1986.57,3.369,3.678,5746.6,7394.5,8816.6,10909.6,14762.9,4011.27,1961.60,1065.5,347.7
7,2012,93.7,92.6,65.4,105.88,207.881,229.104,229.893,10.924,134.159,6.7,8.2,6716,5017,24120,162100,1254.34,864.41,2064.44,3.324,3.639,5748,7399.1,8789.3,10924,14781.5,4599.02,2336.97,1038.0,338.8
8,2012,75.1,74.9,61.3,106.238,208.201,230.379,230.196,10.962,134.331,6.6,8.1,7195,7056,25795,159900,1292.69,981.38,2294.38,3.581,3.875,5756,7408.5,8820,10962,14802.6,5100.41,2573.92,1034.6,338.2
9,2012,83.7,78.5,68.4,106.576,209.451,231.407,230.78,10.991,134.518,6.5,7.8,5929,3147,19954,158000,1393.72,864.69,1984.69,3.709,4.018,5769.5,7426.4,8851.9,10990,14829.4,5106.95,2324.52,1063.7,355.0
10,2012,92,84.2,73.1,106.886,209.044,231.317,231.276,11.018,134.677,6.5,7.8,6593,5008,20844,155000,1372.23,860.45,2019.86,3.541,3.993,5764.4,7454,8858,11019.7,14861.9,5227.06,2629.16,993.1,331.5
11,2012,103.2,97.8,71.5,106.768,208.036,230.221,231.263,11.049,134.833,6.5,7.7,5618,3983,19021,158000,1151.89,1080.39,2376.01,3.246,3.891,5774.6,7462.6,8833.4,11049.7,14900,5043.81,2765.76,1047.3,386.9
12,2012,99.6,95.9,66.7,106.758,207.402,229.601,231.033,11.075,135.072,6.5,7.9,5111,5596,19410,161000,1436.38,1033.5,2138.32,3.147,3.857,5776,7472.1,8873.1,11076.1,14931.9,5140.10,2820.73,1008.4,310.8
1,2013,96.1,95.3,58.4,106.922,208.386,230.28,231.612,11.079,135.263,6.5,8,6596,4034,15547,148500,1307.45,965.8,2147.37,3.238,3.834,5785,7486.2,8886,11078.2,14957.2,5582.28,2693.84,1018.1,325.9
2,2013,93.8,87.3,68,107.333,210.581,232.166,232.432,11.138,135.541,6.6,7.7,6644,4721,17431,155000,945.384,878.94,1999.86,3.55,4.024,5794.5,7508.7,8895.6,11137.6,15008,5166.71,2470.36,973.2,329.4
3,2013,99.7,90.1,61.9,107.244,211.359,232.773,233.052,11.166,135.68,6.5,7.5,7471,4021,23418,162901,1335.63,990.21,2075.37,3.624,4.006,5791.8,7524.4,8915.8,11166,15035.8,6059.01,2796.89,933.7,289.5
4,2013,119.9,106.3,69,107.128,211.873,232.531,233.236,11.182,135.871,6.5,7.6,8590,4529,25668,170000,1214.81,987.03,2161.31,3.473,3.843,5782.3,7539.2,8939.8,11181.9,15076.7,5995.56,3023.78,1069.6,368.4
5,2013,96.8,94.8,74.3,107.244,211.773,232.945,233.462,11.199,136.093,6.4,7.5,8088,4106,29577,175305,1412.29,968.03,2231.38,3.452,3.756,5789,7552.1,8933,11198,15104.5,6493.93,3242.38,1035.8,348.6
6,2013,117.3,98.9,82.1,107.479,212.034,233.504,233.64,11.233,136.274,6.4,7.5,7719,3285,28107,179465,1457.76,980.46,2206.11,3.461,3.75,5797.4,7577.6,8942.2,11231.9,15128,6299.35,3054.51,1081.5,360.5
7,2013,116.9,109.8,81,107.587,212.47,233.596,233.792,11.26,136.386,6.3,7.3,8060,4717,30065,178000,2252.79,936.1,2198.74,3.518,3.794,5803,7593,8946.8,11260.9,15157.8,7341.78,3004.37,1059.2,340.4
8,2013,107.5,90.3,81.8,107.739,212.908,233.877,234.258,11.282,136.628,6.3,7.2,7853,3683,29460,175000,1225.09,988.39,2355.57,3.509,3.829,5812,7614,8965.3,11282.5,15205.3,7615.28,3053.96,1053.7,340.4
9,2013,114.8,103.1,80.2,107.858,212.943,234.149,234.782,11.317,136.815,6.2,7.2,6540,5382,23883,170900,1919.3,911.1,2046.21,3.383,3.875,5816.2,7629.8,9005.9,11316.4,15224.2,7454.13,2993.75,1091.8,357.9
10,2013,96.2,89.1,72.4,108,212.148,233.546,235.162,11.334,137.04,6.1,7.2,7117,7852,22643,169900,1886.51,884.87,2140.08,3.18,3.796,5816.2,7647.6,9010.1,11335.4,15257.1,7218.48,3112.08,1017.9,323.1
11,2013,113.2,96.8,72,108.071,211.407,233.069,235.243,11.367,137.304,6,6.9,5903,3982,19639,169900,1422.97,1094.81,2408.06,3.104,3.755,5821.5,7666.8,9031,11366.4,15313.1,6301.43,2954.02,1075.5,362.0
12,2013,110,104.7,77.5,108.254,212.623,233.049,235,11.376,137.373,5.8,6.7,5777,6496,21406,174000,1126.14,1114.15,2142.81,3.171,3.776,5833.8,7684.3,9030.2,11376.5,15345.4,6979.01,3199.17,1026.2,340.5
1,2014,104.509,95.851,79.41,108.421,213.443,233.916,235.367,11.404,137.548,5.7,6.6,7395,4933,15757,163837,2588.69,1096.98,2441.29,3.187,3.781,5844,7701.2,9019.9,11405.3,15382.6,7079.28,3667.33,1027.7,314.7
2,2014,111.777,112.34,78.301,108.492,214.418,234.781,236.075,11.43,137.714,5.6,6.7,7552,4611,18483,172500,1303.38,968.35,2212.73,3.213,3.788,5842.2,7721.6,9045.1,11432.1,15416.5,6910.75,3918.88,1015.2,354.6
3,2014,108.685,104.223,83.861,108.708,215.912,236.293,236.913,11.468,137.968,5.5,6.7,8579,3474,23138,176900,2408.05,980.84,2093.56,3.373,3.803,5851.2,7742.6,9062.4,11468.5,15450.6,7799.42,3847.20,963.6,329.8
4,2014,120.1,111.7,81.7,108.907,216.373,237.072,237.509,11.519,138.293,5.4,6.2,9373,8851,25342,179000,5677.74,935.12,2269.32,3.541,3.807,5864.8,7777.5,9089.4,11518.2,15488.8,7864.32,3681.81,1085.6,374.1
5,2014,131.2,122,82.2,109.145,216.822,237.9,238.029,11.553,138.511,5.3,6.3,9067,6472,28752,185000,1932.4,1113.82,2459.95,3.522,3.796,5873.6,7795.9,9110.5,11553.2,15521.5,7994.94,3871.69,1073.8,372.3
6,2014,113.1,107.4,85.2,109.297,217.333,238.343,238.157,11.585,138.837,5.2,6.1,9250,3705,30272,190000,4519.31,1022.27,2251.49,3.55,3.79,5877,7814.3,9126,11585,15552,8297.33,3748.18,1109.9,374.6
7,2014,117.155,106.635,90.333,109.428,217.064,238.25,238.138,11.612,139.069,5.2,6.2,9270,4428,29996,189262,7650.17,998.39,2339.64,3.513,3.782,5880.3,7833.7,9134.4,11612.5,15563.8,8626.78,3744.42,1066.4,351.3
8,2014,121.4,111.1,93.4,109.404,216.639,237.852,238.296,11.638,139.257,5.1,6.1,8582,6699,28997,187000,3907.45,1086.65,2490.78,3.366,3.744,5883.4,7859.4,9160.5,11638.1,15626,8203.61,3440.31,1100.7,395.1
9,2014,121.8,109.7,89,109.49,216.822,238.031,238.841,11.676,139.566,5,5.9,8011,6397,25506,183000,2494.21,977.55,2260.71,3.281,3.704,5887.4,7883.6,9171.3,11674.3,15669.7,7622.22,3385.38,1117.6,375.7
10,2014,128.4,116.7,94.1,109.51,216.81,237.433,239.413,11.721,139.818,4.9,5.7,8400,4917,25478,180000,2350.3,1019.07,2395.4,3.056,3.613,5897.7,7904.2,9172.8,11720.3,15701.4,7309.17,3309.25,1049.2,360.4
11,2014,119.8,112,91,109.352,215.41,236.151,239.248,11.759,140.109,4.8,5.8,6479,4515,20015,183000,1876.32,1191.06,2599.25,2.781,3.537,5911,7934,9189.7,11758,15749.3,6471.05,2966.62,1137.2,408.7
12,2014,119.4,110,93.1,109.103,214.063,234.812,238.775,11.793,140.377,4.6,5.6,7837,7181,24230,189870,1732.77,1201.17,2440.09,2.392,3.312,5920.6,7957,9203.3,11793.5,15780.5,5319.05,2884.29,1060.3,372.4
1,2015,116.6,108.7,103.8,108.594,213.035,233.707,239.248,11.802,140.568,4.6,5.7,7930,4591,16257,177850,1552.26,1064.25,2576.03,1.976,2.91,5919.5,7977.6,9213.6,11803.2,15811.6,4081.55,2131.16,1093.1,367.1
2,2015,121.4,115,98.8,108.776,213.056,234.722,240.083,11.807,140.839,4.5,5.5,7972,5203,18654,185000,5552.49,1094.49,2472.14,2.089,2.777,5923.2,7998,9216.5,11809.8,15843.9,3914.41,1926.02,1071.3,375.8
3,2015,127.1,118.4,101.4,109.015,214.509,236.119,241.067,11.802,140.91,4.5,5.4,9042,4118,25344,189850,2640.48,995.71,2120.15,2.303,2.749,5923.5,8017.1,9227.4,11803,15888.2,4354.81,2119.97,977.2,350.0
4,2015,121.4,107.4,94.3,109.085,215.184,236.599,241.802,11.811,141.194,4.5,5.4,9704,5839,26336,194000,1364.8,1026.38,2313.59,2.326,2.651,5943.3,8038.4,9230.4,11810.5,15912,4842.20,2001.19,1119.7,372.3
5,2015,130.7,120.3,94.6,109.418,216.003,237.805,242.119,11.839,141.525,4.4,5.6,8752,3123,28648,202500,1574.91,1229.36,2576.77,2.529,2.78,5971.4,8070.2,9279.3,11839.4,15963.3,5335.56,2015.44,1116.3,361.0
6,2015,130.6,123.4,99.8,109.67,216.573,238.638,242.354,11.864,141.699,4.4,5.3,9566,8173,32044,206000,2752.5,1031.95,2214.44,2.641,2.769,5975,8091.9,9291,11864.4,15999.7,5243.07,1971.31,1133.5,265.5
7,2015,110.2,91.4,91,109.775,216.293,238.654,242.436,11.887,142.001,4.4,5.2,9010,6027,32820,202000,1790.84,1060.48,2400.96,2.604,2.676,5977.8,8124.6,9311.2,11887.7,16089.4,4597.79,2034.80,1118.3,388.9
8,2015,108.9,95.5,101.3,109.753,216.509,238.316,242.651,11.902,142.126,4.5,5.1,8098,6649,30144,200000,1618.28,1182.92,2523.32,2.424,2.458,5978.1,8147.8,9316.9,11902,16144.3,3750.49,1994.25,1170.4,394.4
9,2015,118.9,107.3,102.6,109.691,215.912,237.945,243.359,11.914,142.281,4.5,5,8247,5676,27392,195000,2571.52,1046.37,2244.66,2.158,2.353,5980.9,8165.4,9327.9,11913.1,16168.7,3898.59,1904.52,1183.2,389.6
10,2015,115.5,105,99.1,109.774,215.989,237.838,243.985,11.922,142.587,4.5,5,8200,6420,24725,191000,3260.88,972.61,2301.44,2.101,2.322,5989.8,8208,9345.4,11920.6,16225,4050.37,1881.30,1110.9,375.3
11,2015,105.7,98.5,92.6,109.911,215.61,237.336,244.075,11.928,142.824,4.5,5.1,6597,5321,19606,192400,2139.59,1248.53,2561.43,1.993,2.289,5990.6,8233.6,9357.8,11926.5,16257.9,3270.16,1553.24,1149.3,357.2
12,2015,101.1,96.7,96.3,109.819,214.649,236.525,243.779,11.94,143.097,4.5,5,7196,7081,25607,200000,1697.93,1194.47,2344.68,1.89,2.191,5997.7,8255.6,9364.9,11939.7,16281.4,2793.53,1345.69,1075.9,297.7
1,2016,120.4,109.7,97.8,109.965,215.226,236.916,244.528,11.956,143.205,4.5,4.8,7078,5894,17133,189201,2409.65,1135.14,2469.4,1.793,2.041,5998.7,8270.3,9371.9,11959.2,16297.3,2544.90,1492.98,1135.7,343.7
2,2016,106,95.2,94,109.872,215.924,237.111,245.68,11.964,143.417,4.4,4.9,8128,3745,20428,194900,1469.48,1090.69,2307.29,1.648,1.884,5999.1,8292,9380.7,11965.5,16342.8,2250.99,1343.09,1109.3,351.7
3,2016,96.8,84.7,96.1,109.939,217.153,238.132,246.358,11.954,143.654,4.5,5,9618,6063,27172,201825,2539.72,1090.25,2164.96,1.855,1.972,5998.6,8309.8,9407.6,11958,16328.7,2982.60,1360.82,1082.5,354.3
4,2016,103.8,101.7,94.7,110.276,217.714,239.261,246.992,11.983,143.851,4.5,5.1,9017,3221,27615,205804,1840.01,1109.52,2369.07,1.986,2.024,6007.4,8340,9422.5,11986,16427.2,3125.80,1412.33,1174.7,365.6
5,2016,120.2,103.1,92.4,110.431,218.551,240.229,247.58,11.99,143.892,4.6,4.8,9347,4393,30567,215000,2147.11,1172.47,2368.11,2.122,2.182,5997.7,8358.6,9403.6,11991,16449.6,3689.07,1589.85,1136.2,328.7
6,2016,105.7,101.8,97.4,,219.373,241.018,,11.977,144.15,4.7,4.9,9881,6300,32990,220000,2454.66,1106.45,2231.27,2.229,2.292,5999.1,8364.8,9416.9,11978,16437.8,3786.02,1640.37,1172.5,333.2
7,2016,103.3,100.1,96.7,,219.23,240.628,,12.031,144.521,4.7,4.8,8522,4907,29967,216000,2008.57,1121.82,2366.98,2.144,2.262,6013.6,8412,9450.7,12030,16521.2,3574.46,1646.50,1150.2,361.6
8,2016,107.5,96.1,101.8,,219.146,240.849,,12.039,144.664,4.7,4.9,9334,5032,32388,215000,2372.92,1226.24,2435.16,2.073,2.221,6013.4,8425.1,9455.9,12037.5,16536,3586.69,1617.57,1199.0,365.6
9,2016,115.4,106.1,103.5,,219.513,241.428,,12.069,144.953,4.8,5,8096,5503,28158,210000,3089.54,1034.31,2177.56,2.07,2.248,6021.5,8449,9462.2,12070.8,16557,3498.73,1646.48,1176.5,323.6
10,2016,116.7,104.2,100.8,,220.2,241.729,,12.064,145.071,4.8,4.9,8155,3998,25105,210000,2517.22,1049.58,2311.48,2.125,2.326,6033,8458.7,9464.5,12061.6,16593.3,4053.78,1812.76,1160.6,356.3
11,2016,124.5,110.1,109.4,,220.06,241.353,,12.081,145.201,4.8,4.7,7392,5031,23685,214500,1803.45,1279.18,2494.23,2.051,2.311,6032.5,8476.8,9469.2,12077.8,16619.3,3605.84,1582.48,1183.4,363.1
12,2016,135.7,113.8,113.3,,220.045,241.432,,12.099,145.415,4.8,4.7,7678,3685,25941,217000,2311.91,1294.48,2448.54,2.122,2.391,6033,8495.6,9490.6,12095.4,16637.4,4324.76,2005.10,1131.2,345.9
1,2017,130.6,119.8,111.6,,221.055,242.839,,12.131,145.628,4.8,4.7,8476,5424,17906,203298,2952.06,1139.72,2446.77,2.234,2.43,6031,8513.9,9509.6,12129.3,16631.5,4443.68,1902.75,1150.7,350.5
2,2017,127.6,123,116.1,,221.422,243.603,,12.144,145.818,4.7,4.6,8543,4089,20934,214900,2007.42,1165.91,2422.38,2.171,2.423,6036.4,8523.7,9518.3,12143.6,16675.8,4254.82,1441.21,1103.9,373.8
3,2017,147.8,135.4,124.9,,221.511,243.801,,12.18,145.96,4.6,4.4,10897,4375,29020,218500,2447.06,1081.53,2236.51,2.187,2.402,6043.5,8539.2,9520.4,12184.9,16716.2,4421.14,1632.94,1041.0,317.4
4,2017,136.8,124.1,119.4,,222.149,244.524,,12.196,146.165,4.5,4.4,9593,3461,27462,223000,2938.24,1151.57,2415.3,2.313,2.444,6046,8550.8,9524,12192.6,16746.7,4359.11,1798.12,1202.8,404.7
5,2017,135.4,122.2,117.6,,222.652,244.733,,12.215,146.388,4.4,4.4,10217,4765,33539,229000,3561.41,1247.18,2525.27,2.281,2.407,6045.7,8570.1,9542.3,12216.6,16797.2,4458.58,1902.75,1175.6,376.4
6,2017,135,127.9,117.3,,223.137,244.955,,12.243,146.585,4.3,4.3,10890,5736,35212,231500,2904.13,1161.8,2427.14,2.244,2.355,6056.7,8587.8,9560.2,12239.2,16840.6,4066.46,1736.56,1204.0,390.0
7,2017,133.7,127.1,120,,223.133,244.786,,12.23,146.768,4.2,4.3,9125,3210,31317,227000,3415.3,1162.21,2557.53,2.168,2.329,6051.7,8595.1,9565.4,12229.1,16848.7,4335.45,1799.22,1167.1,399.1
8,2017,145.4,133.2,120.4,,223.772,245.519,,12.241,146.913,4.2,4.4,8905,6709,30636,227000,2468.54,1240.51,2477.29,2.263,2.414,6066.6,8603.9,9577.1,12240.4,16872.9,4359.50,1666.69,1187.2,372.2
9,2017,126.5,118.2,120.6,,225.741,246.819,,12.257,147.012,4.1,4.3,8677,3413,28079,223000,2345.19,1092.19,2355.82,2.609,2.631,6065.9,8431.2,9583.1,12255,16898.7,4608.82,1610.11,1125.2,373.6
10,2017,125.5,122.3,126.2,,226.062,246.663,,12.295,147.153,4.1,4.2,8696,6598,26765,219750,4793.98,1094.75,2446.75,2.399,2.616,6072.1,8625.9,9597.2,12294.3,16940.3,5281.38,1564.66,1203.1,377.7
11,2017,138.1,127.4,128.6,,226.285,246.669,,12.316,147.353,4.1,4.2,8568,5154,25526,221900,2152.25,1343.48,2780.43,2.375,2.692,6077,8642.7,9609.2,12316.6,16959.6,5959.68,1659.53,1187.5,384.8
12,2017,136.7,129.5,123.1,,225.393,246.524,,12.34,147.529,4.1,4.1,7765,3403,27592,228600,1821.77,1404.72,2736.14,2.302,2.706,6083.3,8663.5,9619.7,12342,16998.4,6366.62,1528.04,1150.6,398.6
1,2018,151,142.3,124.3,,225.954,247.867,,12.358,147.662,4.1,4,9743,5276,18811,217000,2211.98,1234.99,2670.92,2.391,2.813,6080.3,8678.2,9609.1,12356.1,17037,6964.57,1740.14,1156.9,388.8
2,2018,154.7,144.9,130,,227.441,248.991,,12.396,148.064,4,4.1,9447,2747,22007,225000,1938.32,1164.35,2609.31,2.402,2.835,6092,8704.3,9638.8,12396.2,17084.8,6313.93,1323.96,1111.2,402.9
3,2018,139.2,129.7,127,,227.746,249.554,,12.433,148.289,4,4,10574,4288,29062,230000,2193.52,1156.72,2418.18,2.43,2.796,6110,8725.6,9652.8,12439.5,17093,7153.48,1562.10,1050.1,361.0
4,2018,141.5,135.4,125.6,,228.152,250.546,,12.451,148.468,4,4,10617,8601,30012,231000,1689.27,1258.94,2758.53,2.598,2.897,6086.5,8739.8,9657.4,12450.2,17108.8,7341.70,1515.23,1222.5,416.7
5,2018,147.3,141.1,128.8,,230.043,251.588,,12.486,148.801,3.9,3.8,11166,5621,34698,240000,3018.8,1309.47,2755.48,2.742,3.019,6091.7,8753.6,9669.9,12487.1,17125.7,7825.24,1614.23,1176.4,404.1
6,2018,150.7,141.9,127.1,,230.9,251.989,,12.524,148.984,3.9,4,11243,7824,35348,241380,4544.018,1266.93,2753.85,2.77,3.022,6101,8774.8,9696.8,12518.6,17168.3,7214.92,1661.13,1242.4,417.8
7,2018,142.4,136.3,127.9,,230.489,252.006,,12.548,149.05,3.9,3.8,11022,5558,33664,239500,4607.719,1206.76,2741,2.682,3,6106.8,8789.4,9697.5,12546,17168.9,8058.89,1531.16,1182.6,407.4
8,2018,145.3,136.7,134.7,,230.003,252.146,,12.581,149.269,3.8,3.8,11182,4068,33964,236000,2345.98,1335.73,2871.69,2.643,2.993,6112.6,8819,9706.7,12579.4,17205.7,7609.73,1666.76,1188.4,390.7
9,2018,148.5,138.3,135.3,,230.566,252.439,,12.592,149.326,3.8,3.7,9200,4257,26618,230000,1788.158,1183.28,2689.32,2.628,3.046,6113.3,8841,9707.2,12588,17242.4,7529.58,1531.05,1228.2,430.6
10,2018,152.6,144.7,137.9,,231.524,252.885,,12.617,149.471,3.8,3.8,9315,3582,27152,229900,1825.426,1165.3,2632.02,2.643,3.138,6110.6,8847.7,9728.8,12617.4,17269.8,8031.45,1969.37,1131.4,381.6
11,2018,138.8,134,136.4,,230.897,252.038,,12.638,149.573,3.8,3.8,8372,6186,24947,230000,2279.368,1389.8,2978.49,2.384,3.068,6117.5,8858.9,9734.1,12640.3,17280,6889.39,2368.44,1201.8,386.7
12,2018,137.5,134.9,126.6,,230.148,251.233,,12.658,149.821,3.8,3.9,7317,7755,25654,235000,2800.687,1461.53,2865.26,2.074,2.907,6112.9,8861,9740.7,12662.2,17309.1,6177.59,2418.17,1177.7,425.9
1,2019,146.7,146.1,121.7,,230.452,251.712,,12.685,150.1,3.7,4,8760,5404,17956,221500,2932.833,1230.75,2868.87,1.977,2.797,6118,8881.3,9752.7,12682.4,17309.7,6221.92,2179.69,1174.6,373.6
2,2019,150.3,143.7,131.4,,230.854,252.776,,12.714,150.124,3.6,3.8,8974,7175,22495,230000,2195.937,1216.55,2758.02,2.08,2.803,6110.1,8905.9,9757.6,12713.6,17330.6,6363.18,2425.10,1145.0,381.8
3,2019,133.5,129.8,124.2,,232.289,254.202,,12.721,150.348,3.5,3.8,10598,4776,29343,235000,2049.629,1222.19,2645.35,2.33,2.874,6118.3,8915.6,9781.3,12728.7,17353.9,7774.41,2500.28,1070.5,386.6
4,2019,146,135.6,129.2,,233.504,255.548,,12.755,150.636,3.5,3.6,10705,5294,31881,240000,2831.743,1237.82,2784.39,2.589,2.901,6128.4,8931.8,9794.1,12753.6,17366.3,8436.64,2186.06,1226.7,409.4
5,2019,137.6,132.5,131.3,,233.617,256.092,,12.784,150.713,3.4,3.6,10915,7293,36460,247000,2540.051,1410.15,3031.45,2.602,2.908,6125.4,8941,9786.9,12777.1,17389.9,8076.96,2152.46,1200.4,411.6
6,2019,142.8,143.2,124.3,,233.424,256.143,,12.803,150.843,3.4,3.6,9976,5481,33896,249990,4020.648,1301.14,2838.58,2.437,2.834,6129.9,8950.1,9792.2,12794.5,17412.3,7084.49,1796.61,1251.0,423.1
7,2019,151.3,142.5,135.8,,234.295,256.571,,12.839,150.921,3.5,3.7,10652,6225,36045,247000,2645.391,1271.27,2859.41,2.52,2.802,6132.4,8973.8,9797.7,12835.4,17446.4,7910.79,1866.43,1194.5,385.2
8,2019,152.1,143.7,134.2,,234.151,256.558,,12.866,151.081,3.5,3.7,11441,7845,35231,245000,2877.214,1369.22,2981.07,2.405,2.761,6131.8,8992.9,9799.5,12861.4,17468.9,7573.82,1887.66,1227.9,441.0
9,2019,140.6,128.8,126.3,,234.709,256.759,,12.878,151.244,3.6,3.5,10206,5761,29001,242000,4222.258,1265.63,2741.82,2.358,2.786,6125.6,8993.8,9803.8,12873.9,17483,7773.72,1721.41,1254.0,407.3
10,2019,141.5,136,126.1,,235.202,257.346,,12.888,151.337,3.5,3.6,11415,8938,29254,241040,2807.842,1240.89,2825.71,2.324,2.804,6129,9025.9,9793,12892.9,17511.5,7808.73,1650.06,1182.8,400.8
11,2019,144.4,133.7,126.8,,234.343,257.208,,12.92,151.589,3.5,3.6,9199,6761,25622,240000,10342.204,1525.58,3144.5,2.299,2.79,6126.8,9038,9809.8,12925.7,17560.4,8058.36,1739.93,1250.5,419.0
12,2019,137.7,129.3,128.2,,233.658,256.974,,12.921,151.789,3.5,3.6,9343,4931,29745,249000,3169.984,1561.8,3046.28,2.285,2.774,6130.7,9046,9804.8,12925.8,17554.3,8778.39,1687.59,1167.2,417.8
1,2020,148.2,141.3,130.4,,234.294,257.971,,12.953,152.128,3.4,3.5,11212,7381,20896,233000,2393.86,1409.09,3050.75,2.292,2.802,6151.8,9063,9831.2,12956.2,17620.8,8445.00,1415.29,1168.5,398.8
2,2020,149.9,136.9,132.6,,234.868,258.678,,12.966,152.504,3.5,3.5,11314,4820,24694,244000,2862.794,1349.19,2896.16,2.161,2.674,6142.8,9072.1,9835.1,12970,17660.9,6840.46,1113.78,1155.4,380.9
3,2020,120.6,116.2,118.8,,234.256,258.115,,12.897,151.006,5.1,4.4,11984,7447,30603,248900,2527.874,1306.47,2700.52,2.008,2.502,6090.7,8999.4,9728.6,12906,17484.1,4374.29,942.09,1121.0,373.6
4,2020,92.6,91.4,85.7,,231.827,256.389,,11.519,130.513,12.6,14.7,9395,5851,25929,249900,2328.073,1114.17,2547.77,1.595,2.274,5318.6,7802.9,7852.4,11517.4,14946.1,2027.42,838.63,1045.4,395.1
5,2020,97.8,97,85.9,,231.354,256.394,,11.757,133.155,11.8,13.2,9713,5973,27240,249000,3770.597,1258.6,2620.82,1.562,2.174,5329.8,8050.9,8011.3,11756.7,15132.7,1919.28,1215.42,788.4,341.0
6,2020,106.5,103.7,98.3,,233.254,257.797,,11.984,137.66,10.1,11,12032,5437,38383,260000,3568.01,1471.29,2693.48,1.804,2.182,5435,8339.9,8223.8,11970.1,15611.7,4191.44,1112.44,959.0,316.5
7,2020,89.8,88.8,91.7,,234.972,259.101,,12.007,139.048,9.3,10.2,14216,5535,43636,269000,2168.615,1531.04,2984.48,1.933,2.196,5563,8399.6,8361.8,11993.5,15664.6,4904.38,1110.96,1120.0,426.0
8,2020,101.4,95,86.3,,234.478,259.198,,12.1,140.713,8.1,8.4,14167,3863,38206,265146,2951.503,1483.02,2750.7,1.918,2.179,5635.6,8399.5,8548.5,12079.3,15757.8,5070.92,1600.82,1079.7,384.2
9,2020,104.6,102.1,101.8,,235.296,260.28,,12.173,141.632,7.7,7.9,13808,7395,37043,265000,1568.222,1388.77,2586.44,1.912,2.167,5655.6,8460.8,8747.2,12145.8,15874.1,4490.94,1555.81,1126.4,374.3
10,2020,104.1,100,101.4,,235.321,260.388,,12.259,142.279,7.1,6.9,14302,4345,36358,269000,2433.811,1515.5,2723.31,1.878,2.145,5665.8,8473.8,8749.7,12248.6,15963.4,4642.37,1647.57,1065.8,385.6
11,2020,112,100.6,92.9,,234.644,260.229,,12.314,142.612,6.9,6.7,12298,5072,31587,269900,1968.817,1612.17,2928.29,1.814,2.181,5646.5,8474.6,8753.6,12299.5,16013.3,4761.67,2026.60,1128.4,531.5
12,2020,86.9,84.4,87.1,,235.079,260.474,,12.352,142.497,6.9,6.7,14485,5796,36497,270000,3249.78,1633.89,2880.4,1.932,2.339,5637.3,8492,8723.3,12365.2,15937.9,5616.30,1891.11,1057.6,359.0
1,2021,100.7,94,87.1,,236.941,261.582,,12.397,143.017,6.7,6.4,13691,7369,24244,262000,2335.68,1613.56,3097.31,2.085,2.443,5660.5,8492.5,8768.6,12404.2,15857.9,6314.73,1680.74,1091.5,401.7
2,2021,98.9,97.5,95.2,,238.141,263.014,,12.352,143.727,6.6,6.2,12058,6363,24054,275000,2057.06,1380.5,2555.08,2.259,2.604,5697.8,8521.4,8784.1,12401.8,16014,5229.06,4996.12,1059.7,397.6
3,2021,125.5,119.1,114.9,,240.542,264.877,,12.476,144.431,6.4,6,17128,6872,35281,282888,2804.66,1403.73,2565.57,2.585,2.94,5726.7,8552,8853,12511.5,16146.4,7984.61,3254.60,871.4,312.9
4,2021,127.5,118.2,117.5,,242.815,267.054,,12.543,144.694,6.2,6,16286,8333,35948,290500,2757.59,1860.15,3409.86,2.605,2.925,5728.3,8577.8,8879.9,12526.5,16248.4,7567.16,3019.39,1196.0,457.6
5,2021,131.5,119.3,120,,244.864,269.195,,12.595,145.141,5.9,5.8,15854,4921,37589,300250,3481.19,1876,3384.85,2.74,2.995,5732.6,8616.9,8878.4,12568.5,16343.1,8221.81,3433.29,1181.4,424.8
6,2021,133.1,131.6,128.9,,246.468,271.696,,12.652,145.698,5.9,5.9,15810,9278,41275,310000,3352.5,1722.64,3138.8,2.785,3.04,5758.7,8688.2,8891.8,12627.4,16414.6,8699.14,3769.99,1208.3,400.5
7,2021,121.4,112.5,125.1,,246.922,273.003,,12.776,146.387,5.6,5.4,13898,7158,39250,310000,2428.97,1761.34,3378.82,2.861,3.08,5796.8,8761.7,8936.1,12721,16527.8,9227.60,4621.80,1185.0,414.9
8,2021,117.6,116.8,115.2,,247.465,273.567,,12.81,147.221,5.4,5.2,13444,9678,38668,310000,2646.71,1761.34,3306.24,2.867,3.07,5833.3,8991.4,9093.8,12809.9,16980.2,8733.75,4880.59,1227.3,462.8
9,2021,121.3,111.2,109.8,,248.346,274.31,,12.861,147.778,5.1,4.7,12812,5411,36811,308000,3301.34,1677.76,3153,2.859,3.116,5851.3,9043.6,9155.2,12860.6,16979.1,9138.66,5458.53,1231.6,407.4
10,2021,106.1,103.7,111.6,,250.441,276.589,,13.003,148.559,4.9,4.6,13661,5356,33730,310000,3351.82,1721.93,3375.1,2.976,3.361,5891.4,9121.4,9261.9,13002.6,17200.7,10694.11,6763.96,1181.2,451.6
11,2021,115.8,104.3,111.9,,251.202,277.948,,13.0463,149.173,4.7,4.2,12401,6140,32639,315000,2739.47,1871.52,3576.38,3.073,3.471,5919.9,9146.2,9312.3,13046.3,17268.7,10087.87,6233.73,1221.9,482.2
12,2021,115.6,113.3,115.2,,251.847,278.802,,13.1041,149.742,4.5,3.9,13514,8800,35765,321000,2740.25,2014.78,3585.94,2.967,3.361,5940.2,9172.3,9346.2,13104.1,17331.1,9525.93,5384.92,1188.0,402.0
1,2022,120.1,114,111.1,,254.537,281.148,,13.128200000000001,150.106,4.3,4,15315,8124,25061,313496,4245.51,1967.85,3847.78,3.005,3.463,5942,9201.2,9348.9,13128.2,17366.9,10865.83,5355.06,1199.5,302.6
2,2022,113.4,106.2,105.7,,257.225,283.716,,13.2205,151.01,4.1,3.8,15110,5625,27399,325000,3299.38,1570.79,3228.94,3.253,3.804,5969.7,9254.5,9412.6,13220.5,17483.1,10797.38,6284.20,1110.2,422.9
3,2022,108.4,100.9,107.6,,261.47,287.504,,13.264100000000001,151.424,3.9,3.6,18281,8621,35330,335000,3190.51,1809.17,3369.38,3.938,4.937,5988.8,9278.6,9439.1,13264.1,17535.7,14734.36,6880.65,1033.4,375.8
4,2022,120.7,108.8,108.6,,263.759,289.109,,13.3365,151.678,3.8,3.6,16565,9266,34041,349750,3199.36,1889.16,3798.19,3.784,4.885,5995.1,9341.3,9439.2,13336.5,17612,13686.61,8282.23,1222.6,479.1
5,2022,103.4,101.1,103.2,,266.847,292.296,,13.3889,152.042,3.8,3.6,15402,9333,36741,360000,5003.74,1900.65,3695.08,4.165,5.248,6009.4,9379.5,9477.5,13388.9,17660.7,14741.37,8505.78,1204.8,423.2
6,2022,101.2,97.4,98.4,,270.918,296.311,,13.4021,152.412,3.8,3.6,14961,11285,37492,360000,4560.18,1904.4,3685.62,4.67,5.393,6019.9,9406.8,9507,13402.1,17692.5,15110.18,7342.46,1250.3,400.2
7,2022,96.8,91.1,95.3,,270.424,296.276,,13.5274,152.98,3.8,3.5,11387,13366,32571,350000,3233.65,1872.61,3868.89,4.144,5.135,6063.8,9471,9576.5,13527.4,17752.5,13962.69,7730.56,1178.9,468.7
8,2022,101.9,96.5,103.6,,270.49,296.171,,13.5771,153.332,3.7,3.7,12549,8357,33831,343872,14039.55,1868.6,3749.68,3.535,4.706,6070,9507.7,9599.4,13577.1,17785,13066.22,8943.11,1189.2,445.0
9,2022,104.7,101.3,107.8,,271.469,296.808,,13.6136,153.682,3.8,3.5,10825,8850,31020,340370,9348.88,1805.79,3706.64,3.194,4.717,6079.6,9555.2,9585.9,13613.6,17806.2,8919.56,8019.93,1221.4,454.6
10,2022,103.8,99.1,102.2,,270.924,298.012,,13.6567,154.006,3.9,3.7,9970,10721,26196,335000,7696.91,1836.47,3820.48,3.23,4.885,6080.6,9545.6,9597.4,13656.7,17869.6,12534.87,5727.06,1183.0,398.5
11,2022,103.4,96,101.4,,270.579,297.711,,13.6878,154.296,3.8,3.6,8222,6171,23102,330000,3533.33,1977.91,3947.43,3.065,4.826,6096.4,9581.7,9627.5,13687.8,17889.6,11797.17,5082.25,1240.0,450.9
12,2022,101.3,98.6,109,,268.366,296.797,,13.7337,154.535,3.8,3.5,7346,8126,25117,330490,12947.14,2117.47,3964.11,2.719,4.309,6091.6,9620.1,9660.2,13733.7,17869.1,9270.19,5209.52,1180.8,437.0
1,2023,114.1,105.7,106,,270.886,299.17,,13.773700000000002,155.007,3.9,3.4,8142,9288,18038,318994,3187.55,2016.92,4100.78,3.026,4.277,6103.9,9643.1,9660.3,13773.7,17936.9,10889.48,2660.26,1203.3,375.0
2,2023,111.3,104,103.4,,273.112,300.84,,13.8106,155.255,4,3.6,9753,8374,23518,325117,2791.32,1735.45,3697.61,3.033,4.132,6112,9678,9689,13810.6,17958.3,9635.94,1379.56,1134.3,416.0
3,2023,109.2,107.1,104,,274.636,301.836,,13.8378,155.472,4,3.5,13772,6899,30883,330580,3602.84,1834.25,3592.05,3.097,3.959,6118.4,9683.5,9698,13837.8,17970.3,10614.34,1653.47,1087.1,376.9
4,2023,111.9,109.7,103.7,,276.653,303.363,,13.867700000000001,155.689,4,3.4,12854,4500,28541,337000,3682.76,1997.4,4071.44,3.335,3.867,6127.2,9708.6,9665.8,13867.7,18040.1,11026.36,1263.42,1177.7,440.4
5,2023,105.6,100,102.5,,277.404,304.127,,13.9135,155.97,4.1,3.7,14233,9068,34452,345000,4540.05,1892.05,3843.43,3.139,3.619,6132.6,9720.8,9691.9,13913.5,18078.3,,,1283.5,448.6
6,2023,112.5,107,110.1,,278.22,305.109,,13.9428,156.075,4.1,3.6,15165,6752,34324,347925,5069.95,1935.52,3913.31,3.201,3.5,6142.3,9727.1,9693.8,13942.8,18088.2,,,1254.0,400.1
7,2023,130,123.5,114,,278.448,305.691,,13.962399999999999,156.311,4.1,3.5,12559,6957,29752,345000,3424.78,1899.9,3966.88,3.312,3.59,6145.7,9763.4,9708.5,13962.4,18097.1,,,1227.1,447.4
8,2023,108.8,102.4,108.7,,280.209,307.026,,13.988,156.476,4.1,3.8,15190,7424,31439,340000,4534.56,1914.98,3916.93,3.498,4.08,6149.5,9776.8,9717.4,13988,18100.3,,,1237.1,441.9
9,2023,97.4,91.8,104.3,,281.414,307.789,,14.0495,156.738,4.1,3.8,11438,6774,26338,338000,5387.97,1842.89,3869.46,3.434,4.254,6160.9,9795.6,9739.5,14049.5,18114.7,,,1272.0,408.3
10,2023,116.1,104.8,99.1,,280.609,307.671,,14.068100000000001,156.843,4.1,3.9,12925,7965,24666,330000,3853.11,1803.68,3802.5,3.156,4.167,6143.8,9817.1,9720.8,14068.1,18149.2,,,1200.2,401.9
11,2023,113.3,101,101,,281.688,307.051,,14.084200000000001,157.016,4.1,3.7,11015,4174,22698,325232,3066.58,1955.78,4071.65,2.824,3.898,6148.2,9844.2,9724.6,14084.2,18157.3,,,1252.9,413.0
12,2023,120.4,104.1,108,,281.716,306.746,,14.103299999999999,157.232,4,3.7,10221,4197,23348,335000,,2170.22,4065.28,2.683,3.639,6149.4,9860.7,9732.9,14103.3,18180.7,,,1190.6,428.2
1,2024,124.4,114.7,114.8,,,,,,,,,,,,,,2043.7,4101.08,,,,,,,,,,1176.3,382.3
2,2024,,,,,,,,,,,,,,,,,,,,,,,,,,,,,
3,2024,,,,,,,,,,,,,,,,,,,,,,,,,,,,,
4,2024,,,,,,,,,,,,,,,,,,,,,,,,,,,,,
5,2024,,,,,,,,,,,,,,,,,,,,,,,,,,,,,
